carregamentos,materiais,capital,estoques,supervisores,trabalhadores
50443700,42045700,328600,1104000,17300,102200
20257100,14441300,370500,1104300,17800,67000
27414900,19136800,594300,1000700,22800,193200
871800,710300,7300,29500,500,1000
17401800,13841800,279500,1154800,6600,27000
7446400,4258500,178700,514300,5600,9500
5566200,3137400,175100,386900,6200,13500
22474300,16394100,358200,519500,30700,30900
7444600,3192100,199600,834100,3800,17500
14480900,8096000,350600,3649400,9500,50600
2601400,1425400,148900,795100,2300,11700
8365900,4015900,156600,793400,5700,18400
8482100,4735400,249000,1778600,6700,41000
8863800,4321700,258400,599200,7700,38400
7089100,5186800,95900,649700,3500,9200
11506500,2770100,339100,344600,3000,14100
2004100,1417400,38600,429600,800,3300
4048700,2159100,117800,232300,3600,10600
7623200,4426500,546400,387400,2800,6200
6938200,3465200,191200,340800,3500,9800
15063600,10911500,223200,708000,15100,19100
19328500,7155100,592100,462100,70400,88600
10093500,3512400,385200,534900,11000,37700
2048700,920100,61300,137000,2600,11400
1562700,889100,42200,382900,1700,4700
2592700,1969000,78200,349900,1400,2700
2516000,1732100,117700,732500,1000,7100
10910600,4402600,354300,1162400,10500,40700
3232800,1646300,111300,442200,3000,7100
3098300,1944500,75500,577200,1900,7900
803800,614300,69800,281500,500,1900
12496200,10605900,137000,876700,2300,5100
630000,522700,6000,72000,300,500
1857900,1099200,71400,108100,2600,5400
4987500,3609700,77700,353300,2000,5500
16794800,6941800,563500,603400,9900,23600
589700,417500,73400,174700,400,800
4300800,2325200,151000,2278200,7100,6600
3887500,1649900,39700,990400,1900,4700
28334300,16757700,773800,1290900,44400,29000
7440200,1893400,119700,564600,4600,6400
896600,560800,43800,154900,1100,5100
6847700,4497900,137800,735000,6900,32800
6127100,3277500,125600,441600,4000,6100
8167300,2770100,273000,229600,11100,23200
398400,118200,30300,23400,2000,2900
1347100,558100,19500,95400,1200,4200
13314900,6781700,356000,1242300,18600,45700
24879400,5133100,347100,5258100,6600,16400
290600,97100,700,39700,700,1900
1871100,370900,20300,206000,1100,2000
2979900,2342500,18400,559100,1800,4000
6262400,3701000,262200,808200,5100,50600
9423800,5278300,575900,1282600,10100,70600
1810200,1091300,34600,322700,2000,12600
1470000,653500,67300,227900,3300,14200
1690100,856700,47700,264300,2300,19200
2837100,1428700,107400,359300,5600,33200
5263800,2292900,124700,750400,5800,50100
912400,395900,38100,164300,700,12000
5560400,3370400,187400,457700,6600,35300
2605200,1458800,99600,316700,3400,17000
258900,129400,3300,35600,500,2800
3100700,2121200,104700,234800,3600,16400
3484400,1835000,100700,294600,4800,18800
1270200,702300,43800,121600,1500,9400
10961300,7028700,249000,1364900,12200,43000
8005800,5222000,450000,613100,5800,59600
3197600,2350300,77300,236100,1900,15800
922000,541100,35200,135800,700,6000
1804300,1005700,75200,228600,3100,7700
915900,682300,15800,113900,800,4300
3355300,1805400,192100,492500,4700,14900
795000,441300,19000,147300,1600,5800
2360600,1158500,83900,333600,4700,14400
2361500,937300,25400,486700,5300,28700
5088000,2526300,84900,830500,6800,66800
664400,350100,7100,74300,400,10100
704500,342600,2400,107200,1600,4600
7225700,3191700,82400,726700,10300,71900
1714400,811200,22600,303900,4100,24400
2826700,1269200,48400,479200,6200,35400
4146500,2214900,32600,562900,9600,42200
6396200,3119500,53800,1041100,12700,74800
4055200,2339700,24700,619400,9000,34100
8135900,4065300,87500,1341100,18500,107700
2437500,1215800,12700,401000,4500,29000
1807300,923100,13500,357200,3200,10400
990300,417800,14800,197200,3400,14200
1716200,864000,13200,239600,4300,15200
2210100,915900,15500,364400,5300,23200
136700,85600,1200,43200,300,500
379300,166200,5600,59900,600,3200
339000,199200,1000,60100,1200,4700
189200,65500,300,22700,500,2700
237600,119800,100,29400,300,2000
718700,331100,4900,124800,1700,5400
772900,346700,8200,194500,2000,8900
1218800,639500,17400,212000,5000,16100
6206600,3473100,90600,919600,7300,43100
914700,515400,12200,136800,2800,11900
1250100,639200,28200,165600,3000,11400
729400,319900,23500,89300,2800,12100
7010900,3816300,266200,647900,14100,48500
344100,155100,3100,35000,1000,4300
3969800,2172300,84900,493600,7400,30000
16817700,10856700,469000,594400,15500,71700
26760800,17347700,694900,3470400,20400,121800
2799500,1443200,63100,425400,3500,29900
154100,85200,3000,22700,300,1500
11592500,6856800,177300,1553600,18500,73800
5804200,2694500,119200,547200,13900,55000
2599100,1728200,52300,348900,3200,18700
6552700,4150400,150400,413000,3100,27200
4140000,2528700,106300,326600,7800,24900
481600,274500,3900,53300,1100,4500
2865900,1536900,72500,217200,5700,28700
360100,201400,3300,77300,1000,4600
6965500,4479200,118200,280000,7900,40600
2821800,1714500,48800,254800,5800,15800
3495900,2803000,58600,529600,2400,9100
5358400,2528900,333100,367400,4600,19500
4072400,1963700,73800,640000,9100,47400
9918500,4765100,257300,2158900,14800,110600
7445000,3952400,79600,753000,11000,73900
2190700,1165600,50700,306500,4600,17600
3267100,1691300,29600,232700,6300,19000
390700,207000,6400,44500,600,3700
451200,256300,13700,41800,900,4000
2079800,884000,51500,309500,4900,19700
6583300,2768800,191900,579900,12000,33600
5640600,3766500,108600,379200,8200,25700
3432700,1557800,70800,422200,10300,28300
3804900,1792300,82200,533900,9000,28000
2191100,1085300,24600,372500,6500,14000
2643300,1161900,48200,317500,7700,20900
4423900,2445500,258900,452900,2900,9400
35071300,19815400,3137500,3696600,27900,94900
18749000,9771900,1432100,1259500,13500,41400
22801500,15086700,562000,1891400,30000,89100
2002000,1173400,38300,177800,2200,10100
2569300,1519400,89200,358900,2400,12600
8221600,4542400,280600,1151300,10200,42300
3944000,2422100,140900,563600,4700,13800
8872300,4616500,317100,888700,10400,23000
6019900,3173900,215100,624000,8100,30000
2770300,1731000,32500,411100,2900,15000
2236400,1317900,77500,237800,3200,12800
16199600,7381000,469300,1085900,7100,32600
2816500,1551100,29400,280700,4900,18100
1475000,759200,20700,267700,2600,7100
5059000,2759500,160100,722400,8000,25000
35837000,7018400,1329700,759400,276400,133700
21723300,5903100,306600,1094900,98100,18300
19418900,5826700,283000,3027100,68400,18700
4698500,1869700,281200,411600,10800,35600
12332400,2802600,192800,937800,45900,25300
45846800,19432400,1958800,2832600,120500,319300
3706700,1946500,260100,304500,3400,18700
10973300,4536600,496600,895600,37300,79800
6981700,3292600,110600,721600,15500,29600
4507200,915000,71000,564900,10200,13000
3983500,1232600,91300,312400,9800,27300
1378500,300400,46100,124900,4400,23500
1546800,291400,57600,70200,4200,17700
3447300,766100,170100,141200,12400,23800
2171100,1121800,126500,187200,2000,4200
3415700,1013200,174500,83700,3800,4200
3320900,1437000,156900,513000,2900,5700
16032200,6267200,844700,1533100,31900,32700
36964600,21937800,2554900,3909200,28600,40600
4983600,2759800,230000,620500,4200,7700
1153500,426900,137500,129500,1200,5000
12212600,5778900,563900,1285800,9100,31600
6189300,2953000,504700,1003400,6100,7800
56960500,14497300,2713700,6933200,65600,68600
7777700,1951900,561100,1144000,22800,15600
5310200,1570300,360600,1080100,9900,9900
14527700,7077000,454400,1137000,12800,18500
8371700,2912200,123500,602000,8300,12900
3678300,2080600,204500,390900,4100,3900
19736000,6482100,490600,2212100,22300,35300
17544400,9125400,279500,1966900,23100,27000
774100,367200,42100,149300,600,2200
11151500,6954100,564600,1405600,9600,13100
57670500,33449200,2958900,5897000,36700,52600
4246100,2251200,174600,388400,2600,5400
4596500,3006800,159300,424100,2300,6200
2420700,1592300,38100,265900,2700,5100
9636100,3695200,299300,1043500,6500,8800
5848900,3338500,204200,569800,7900,11300
1023400,421000,52600,137200,2700,6400
3366000,2110000,55400,418500,5400,7800
804700,311200,45700,60500,700,1200
11370400,5683200,378700,1289500,16400,20100
128000000,106000000,5215200,9517800,25400,46300
4617600,2852400,199900,251100,4000,10400
4050800,2570300,96600,304800,3300,9300
5381600,3639500,86300,565800,5600,6000
864200,494900,26000,110600,700,1300
12882800,5596700,514600,907400,11000,52700
961200,498000,12600,173500,2200,9200
3070000,1555900,127200,453300,4500,17500
4151900,1627400,151700,492700,10100,25000
5219900,2271500,160300,461900,10800,43700
7729000,3622000,226600,880600,14600,43200
12562300,6520200,465400,1415900,14600,41700
3842700,1898000,173700,425100,6300,20600
2405700,1147400,64200,311800,4000,12000
3600700,2328800,118700,539600,3200,11200
5654600,3013300,510100,576500,5200,29500
11065200,6091100,485400,966800,13900,54300
5731100,3450200,164500,602300,8300,18200
1379400,596100,56800,110100,3600,10400
54296500,25375800,2542400,5833300,97900,372800
3037800,2076500,45500,412800,2500,13400
318700,179600,400,37900,500,2900
203500,79300,4800,42000,800,2400
2461000,1177500,43300,506100,3500,20500
949900,403400,7600,108800,1600,12800
308900,147800,3100,55700,600,4600
142500,86200,12200,77700,300,2400
991400,450300,9500,170800,1900,6600
303900,145900,3100,17900,500,2800
392900,136500,1900,56900,1400,3800
434100,158600,3700,50900,600,6000
2599600,913300,137100,231700,2000,9200
4681300,1778000,238200,774300,3800,25000
4946500,1648600,345200,678300,5600,28600
7934500,3719200,268300,806800,11800,46400
4808200,2000300,279600,712800,4300,12400
1319100,463400,63800,240200,3300,11000
847300,294000,73100,193100,1500,7100
938800,494000,16500,165900,1500,4400
142100,57000,4000,37800,300,1400
1020000,284300,25300,99700,1300,7900
361700,81000,5100,96500,1000,4200
57000,23000,5200,4600,100,1200
1141800,381200,62100,156900,2900,8200
720000,197900,22400,114700,2700,10900
2350200,1225000,74900,320900,7600,10000
6784300,3007700,196400,742800,17800,44900
13830900,7655700,458900,437100,19600,67600
1037800,529900,21600,120700,1200,4500
2849400,1667900,74200,158900,2100,8600
1111900,441100,36900,156700,2900,10000
4124000,1732100,128600,636800,6800,15900
1830100,757200,86500,233300,2400,7000
3725100,1505800,122200,256000,3600,16200
1232200,562500,41100,201400,2300,5200
833000,307900,39400,117100,2300,6000
50633800,30232800,2614800,7703500,34400,121700
1197800,803800,25300,273500,1300,3300
5064000,2733100,170100,701600,5800,19500
6538400,4509800,198100,1158000,4000,11100
6294600,4257100,148300,1073200,5500,19100
9685500,4245000,425200,829100,13600,66000
292100,112400,4800,21000,400,2400
1530400,430900,56400,168000,3400,13000
2523800,1026200,60800,305500,4900,19300
6185100,4719400,702700,573600,1400,5000
5576600,3797600,120700,613200,4600,13900
2784200,1913900,107000,350000,2700,6600
7151800,5249900,103200,799700,3800,10600
7266800,5009400,192200,968600,4500,16500
10577200,8212300,272900,1757200,5500,16700
5130500,3137200,146700,590800,5800,23400
590700,417500,6400,57700,200,800
2941900,1522900,62500,906100,5200,10300
15346600,9553600,482900,2093900,16100,48200
3753500,1736800,210400,314200,5200,25800
1121400,528500,45400,124300,1600,9500
2600300,1094200,146100,213100,4700,22300
744600,311800,3100,79800,1600,6500
451800,141700,13600,74000,1400,3100
2404800,833800,117200,290400,4500,12700
2382700,1137800,92800,427200,5400,9000
11610100,8305700,411100,1242900,4500,26400
1415200,897200,33700,176400,1800,5900
1853900,522600,52900,255600,3200,8000
4879100,1978500,131700,877000,9400,31600
1026000,419900,38100,172000,2200,5600
10517700,4947500,313400,1312700,18900,60200
866800,317900,18800,135400,1500,5400
3202400,1379000,66000,553800,4700,12700
9831700,5606700,148700,1153800,19800,51500
7868900,4336900,115100,967800,19200,48900
10079400,4816300,283100,1435400,22600,57800
13163200,6549900,279200,1934100,28100,79900
2553900,1159700,36700,322900,7300,18100
3856500,2193500,50500,321000,8200,17100
4098600,2731100,39500,571400,6800,15700
4669100,1716600,225300,563500,9900,41900
5793700,2546200,157300,1020000,11500,31900
3608400,1816200,88900,582200,5100,18800
1290100,706400,33800,222700,1700,5200
19652800,10641500,1201100,1266800,18600,95400
834600,449000,20000,140800,800,3600
11361500,5423900,408300,1397000,20800,76900
5232500,1598100,170100,337200,16100,54500
7081800,3779200,223000,731700,10800,37800
963400,338100,35400,186100,1700,5500
2008200,621600,17500,359200,5200,7800
1384100,383300,33500,303200,2700,9100
1199700,204900,9300,90600,7500,5300
7653400,3082700,219100,1690700,16900,34000
4337500,1965400,121800,995700,9400,20700
600500,305500,30200,87600,1000,3100
2149600,1041300,49600,416900,4100,12500
2129300,984900,85300,187300,3700,15700
4063600,1960000,100700,578200,9500,31600
3336100,2034900,85200,502100,3100,9300
3142900,1591700,91100,528500,7500,19700
8119400,3772000,325000,1099700,20100,56500
6801600,3049800,246500,2015300,12000,15100
14952600,8888500,400400,1683000,14300,39900
13217700,6542400,259700,1999400,19000,48100
6819200,4194000,125300,1099000,5400,22400
17697100,10153100,359400,3292500,25000,52900
1695000,925800,29500,482800,4700,8100
3752700,1610700,77600,1157900,10700,14700
1053400,625400,17400,148500,3100,4900
4696700,2454000,89400,603600,14000,19100
1069400,500700,10000,251400,3400,4500
4024800,2671700,71400,659600,6400,13400
3658100,1781600,105900,1165300,10300,13700
1694300,769800,25400,476200,4800,8300
597500,132400,26800,69000,1700,5900
11195000,3296900,541200,1557500,27100,92400
4665000,1425600,188100,864600,13900,32700
3495200,1734800,103900,412200,4700,10900
521300,241900,9900,129800,1700,2100
3074600,1433200,73000,583500,6500,12000
2411900,1147900,48500,578900,5300,9800
1908300,818500,71400,448300,6100,10600
1184300,522400,30700,208600,3200,5400
2812500,1413000,49300,544300,7700,9700
3015400,1471300,70700,776100,9800,11300
2673500,1126600,48500,528400,7800,12000
15191700,6805800,637700,3234700,38600,49100
5851000,2692200,188600,1212700,14700,21100
4890500,1974300,172800,884900,6200,27200
5019200,2593200,129400,1087200,9700,16300
3459500,1569100,54700,426900,9000,18800
3620900,1563200,98600,867500,9900,14900
2054000,710000,72800,422900,4700,10900
2163400,903900,40800,341200,7100,10800
2796300,1162400,72300,622100,7200,15500
6181400,2718400,198400,1121500,17700,25100
48546900,27046100,932700,6085500,79000,30400
11004500,6759400,521900,1352700,20100,19700
1427500,894700,41700,253200,3900,2700
13665900,8293200,410800,1935200,34500,23100
1346800,592800,34800,181100,3700,2900
3581500,1565900,117600,829200,21000,9000
942000,503300,21300,168900,1800,5100
614100,329300,8800,97100,1400,3400
24397000,13359600,779000,2821500,31500,99100
1295000,679700,27500,195500,1800,4800
6289200,3085100,130000,1059800,15300,25600
2657100,1129700,134700,239800,3200,14800
2458800,1022000,90900,493200,6900,13100
1622100,714400,69600,256300,3300,8000
704800,360500,20500,134000,2500,3100
23955300,7761100,1120900,3286500,67600,221200
4672700,2311900,165500,625600,9000,21700
6140200,2552400,145700,770700,12300,27200
9429300,4705500,290500,1297400,15900,58100
1527000,699600,50400,345800,2700,7300
9473400,3955300,260500,1463400,27200,37600
2353900,1117000,68500,388500,5000,11400
3813900,1922100,101600,535500,3600,15000
5149100,3329700,170500,644300,4400,23900
4612100,2327200,79600,341600,3300,12900
3052600,1830500,66400,494700,2800,20100
1932800,914700,58900,258100,3500,7500
4233300,2320500,39600,255900,2200,11100
2915000,1006000,110100,253800,2500,13500
4874700,1965800,145700,760200,12700,30600
3732200,1558200,93600,575600,6000,18400
1792800,862200,20000,387900,3500,13100
3469900,1799600,50400,447800,7000,15800
2747100,1376100,91500,275300,3800,12200
2672700,1235800,52900,383700,5400,9500
10285600,7617400,225800,956400,7200,23300
2342500,829000,164400,148300,3700,13300
23471800,9638600,781300,3517200,44900,41200
20877200,8892400,799500,4107500,65700,54500
3703400,1492800,99600,567500,11600,12300
3148100,1798600,132300,456000,4600,15800
8262400,3376900,365900,907300,22600,53100
42252100,10388900,5697800,3811600,84500,89100
1871900,879800,78500,299900,4600,14200
806000,258700,53000,148800,2800,6900
1380300,538500,31800,185900,4300,16500
4304300,1686200,200400,674100,9100,21700
31609500,16872500,990600,4691800,77600,118900
3877200,1891200,158500,530500,3800,16500
1925900,1041300,80600,110500,1300,6400
8683200,4383500,209200,914000,11000,42800
5256300,2637500,325700,468600,8200,15500
5148100,2278500,126800,1097700,20300,20300
198000000,145000000,4245700,4507700,31500,202500
6674500,3735600,171600,869800,9200,27300
101000000,57871900,4211900,8707300,90000,364100
5273700,3821600,116100,629900,5500,26600
3954900,2893300,40500,546600,3100,15900
50944000,25778300,872200,28488600,125100,92800
16663700,8455300,437700,3390700,40500,46400
16679400,5016200,655700,5053400,54100,65400
9864000,4103700,140700,1259900,25900,75600
5425100,3144000,99200,719600,9200,38900
6569300,4074400,112400,1157600,8200,22000
2632100,1488600,92300,347700,4000,11700
15396900,6277000,329000,4137600,51800,25000
3373600,1148000,68900,307400,15000,7800
1944400,813500,38300,358800,5600,5500
2714400,1814800,21100,235800,4000,14900
1768800,730000,16600,302600,4000,4900
3947200,2610600,97500,470300,5100,14800
30103300,7928200,648900,6033900,119700,79700
2360500,913300,39700,318600,9000,8800
2967900,1122100,75900,400800,7300,17200
7012100,2446700,226900,1239100,26100,24300
3299800,1466800,92300,314000,4800,11800
10097800,3600500,333300,2000300,30800,31800
5973400,2369600,176100,975500,23300,15100
2632600,946100,105000,493200,8500,10800
4455500,1685700,102100,997900,16600,17900
14811600,4480700,624400,2149200,40500,60000
14572600,5170800,374100,2276900,36700,59400
2273600,845800,52000,399100,5700,9800
3373100,1638000,84800,636200,7400,6600
7745500,2523200,308800,1189200,22200,17800
2928500,865900,200300,451900,9400,18800
23367600,7011400,755300,2127100,30000,34800
822600,375900,16700,187600,2100,5000
4459200,2501700,49200,963700,11000,20100
753900,330500,12800,204700,2100,4600
881900,599700,7900,253300,1800,3900
1061600,420300,11400,270500,2500,9800
239300,83900,1700,60600,700,2500
4313300,1965500,138700,623600,7000,25100
8936100,4199700,191900,1645700,18500,49600
1230000,515200,32400,226600,2600,5900
1089200,458700,22200,220400,1800,5800
732600,268700,17500,99600,3200,5400
933600,471000,6300,124100,1800,5500
1627400,633500,13600,237600,4500,14300
898800,402100,45700,166400,2500,5900
1512800,673900,56100,235900,3600,11500
6279200,2580500,144300,688200,25800,46200
1128000,411700,18700,115600,1700,6200
1674900,664200,46700,202900,1400,5400
6404200,2791100,175500,1100000,18700,44200
