ano,mes,y,x
1980,jan,6.080227851867676,7.263448238372803
1980,fev,-0.9241859912872314,6.339896202087402
1980,mar,-3.286174058914185,-9.28521728515625
1980,abr,5.211977005004883,0.7932909727096558
1980,mai,-16.164209365844727,-2.902420997619629
1980,jun,-1.054703950881958,8.613150596618652
1980,jul,11.172380447387695,3.982063055038452
1980,ago,-11.06328010559082,-1.1501710414886477
1980,set,-16.777000427246094,3.486125946044922
1980,out,-7.021833896636963,4.329850196838379
1980,nov,-9.716846466064451,0.9368749856948853
1980,dez,5.215705871582031,-5.202455997467041
1981,jan,-6.612000942230225,-2.082756996154785
1981,fev,4.264498233795166,2.728523015975952
1981,mar,4.91671085357666,0.6533970236778259
1981,abr,22.20495986938477,6.436071872711182
1981,mai,-11.29868984222412,-4.259198188781738
1981,jun,-5.7705078125,0.543910026550293
1981,jul,-5.217764854431152,-0.486845999956131
1981,ago,16.196199417114258,2.844000101089477
1981,set,-17.169950485229492,-16.457210540771484
1981,out,1.105334997177124,4.468937873840332
1981,nov,11.68533992767334,5.885519981384277
1981,dez,-2.3014519214630127,-0.3906979858875274
1982,jan,8.643728256225586,2.499567985534668
1982,fev,-11.129079818725586,-4.033607006072998
1982,mar,1.72462797164917,3.0425260066986084
1982,abr,0.1578799933195114,0.734565019607544
1982,mai,-1.875203013420105,2.7797319889068604
1982,jun,-10.6248197555542,-5.900115966796875
1982,jul,-5.761136054992676,3.0053439140319824
1982,ago,5.48143196105957,3.954991102218628
1982,set,-17.022069931030273,2.5471270084381104
1982,out,7.625421047210693,4.329008102416992
1982,nov,-6.575722217559815,0.1919409930706024
1982,dez,-2.3728299140930176,-0.921675980091095
1983,jan,17.52375030517578,3.3946828842163086
1983,fev,1.3546559810638428,0.7587140202522278
1983,mar,16.26861000061035,1.8620740175247192
1983,abr,-6.074546813964844,6.797750949859619
1983,mai,-0.8266509771347046,-1.699254035949707
1983,jun,3.807882070541382,4.092591762542725
1983,jul,0.5757009983062744,-2.9262990951538086
1983,ago,3.7555630207061768,1.7734240293502808
1983,set,-5.365927219390869,-2.800816059112549
1983,out,-3.750303030014038,-1.5053950548171997
1983,nov,4.898752212524414,4.186963081359863
1983,dez,4.379255771636963,1.2014169692993164
1984,jan,16.56015968322754,6.769320964813232
1984,fev,1.5231269598007202,-1.6860270500183103
1984,mar,1.0206079483032229,5.245806217193604
1984,abr,-3.8993079662323,1.728710055351257
1984,mai,-14.32501983642578,-7.279076099395752
1984,jun,3.056627035140991,-0.7794709801673889
1984,jul,-0.021536000072956,-2.4396350383758545
1984,ago,3.355102062225342,8.445978164672852
1984,set,0.1000069975852966,1.22107994556427
1984,out,1.691249966621399,2.733386993408203
1984,nov,8.200753211975098,5.127532958984375
1984,dez,3.5278658866882324,3.19155502319336
1985,jan,4.554587841033936,3.907839059829712
1985,fev,5.365478992462158,-1.7085679769515991
1985,mar,4.525230884552002,0.4352189898490906
1985,abr,2.944653987884521,0.9580680131912231
1985,mai,-0.2685999870300293,1.0954769849777222
1985,jun,-3.661041021347046,-6.81610918045044
1985,jul,-4.5405049324035645,2.785053968429565
1985,ago,9.195292472839355,3.9002089500427246
1985,set,-1.8948169946670528,-4.203003883361816
1985,out,12.006609916687012,5.601798057556152
1985,nov,1.2339869737625122,1.5700939893722534
1985,dez,-1.446329951286316,-1.084426999092102
1986,jan,6.023619174957275,0.7786700129508972
1986,fev,10.512359619140623,6.470651149749756
1986,mar,13.400710105895996,8.953781127929688
1986,abr,-7.796263217926025,-2.3877620697021484
1986,mai,0.2115399986505508,-2.8738389015197754
1986,jun,6.471110820770264,3.440268993377685
1986,jul,-9.0374755859375,-5.891053199768066
1986,ago,-5.478381156921387,6.375582218170166
1986,set,-6.756882190704346,-5.734838962554932
1986,out,-2.56496000289917,3.630883932113648
1986,nov,2.456598997116089,-1.3160669803619385
1986,dez,1.4764209985733032,3.5216009616851807
1987,jan,17.069400787353516,8.673413276672363
1987,fev,7.565727233886719,6.914361953735352
1987,mar,-3.239326000213623,-0.4606609940528869
1987,abr,3.6625781059265137,4.295976161956787
1987,mai,7.157454967498779,7.719693183898926
1987,jun,4.774900913238525,3.0398879051208496
1987,jul,4.237701892852783,2.5102241039276123
1987,ago,-0.8813520073890686,-3.039443016052246
1987,set,11.49687957763672,3.7870919704437256
1987,out,-35.56618118286133,-27.86968994140625
1987,nov,-14.59136962890625,-9.956366539001465
1987,dez,14.872719764709473,7.975865840911865
1988,jan,1.7485990524291992,3.9369380474090576
1988,fev,-0.6060159802436829,-0.3279710114002228
1988,mar,-6.078094959259033,-2.16154408454895
1988,abr,3.976154088973999,2.721787929534912
1988,mai,-1.0509099960327148,-0.5148249864578247
1988,jun,3.317857027053833,3.1287970542907715
1988,jul,0.4070999920368194,0.1815019994974136
1988,ago,-11.87932014465332,-7.892364025115967
1988,set,-8.801026344299316,3.3470818996429443
1988,out,6.784211158752441,3.158591985702514
1988,nov,-10.205780029296877,-4.816470146179199
1988,dez,-6.738053798675537,-0.0085500003769993
1989,jan,12.83903980255127,13.460980415344238
1989,fev,3.302860975265503,-0.7644749879837036
1989,mar,-0.155918002128601,2.2984910011291504
1989,abr,3.623090982437134,0.7620750069618225
1989,mai,-1.1676809787750244,-0.4957959949970245
1989,jun,-1.2216030359268188,1.2066359519958496
1989,jul,5.262903213500977,4.637025833129883
1989,ago,4.84501314163208,2.6808741092681885
1989,set,-5.0695648193359375,-5.303857803344727
1989,out,-13.57964038848877,-7.21065616607666
1989,nov,1.100607991218567,5.350185871124268
1989,dez,4.925083160400391,4.106245994567871
1990,jan,-2.532068967819214,-3.629547119140625
1990,fev,-6.60187292098999,-5.205803871154785
1990,mar,-1.0237690210342407,-2.1832449436187744
1990,abr,-7.097917079925537,-5.40856409072876
1990,mai,6.376626968383789,10.575989723205566
1990,jun,1.8619749546051023,-0.3386119902133941
1990,jul,-5.591526985168457,-2.2131619453430176
1990,ago,-15.31758975982666,-8.476177215576172
1990,set,-10.172269821166992,-7.459414005279541
1990,out,-2.2173960208892822,-0.085887998342514
1990,nov,5.97420597076416,5.034770011901856
1990,dez,-0.8572890162467957,-1.7677149772644043
1991,jan,-3.780184984207153,0.1891079992055893
1991,fev,20.64720916748047,10.387410163879396
1991,mar,10.940679550170898,2.9219141006469727
1991,abr,-3.1456398963928223,0.9717199802398682
1991,mai,-3.142888069152832,-0.4317820072174072
1991,jun,-1.9608659744262693,-3.3429250717163086
1991,jul,7.330964088439941,5.242812156677246
1991,ago,7.854388236999512,2.88065505027771
1991,set,2.539177894592285,-1.1214720010757446
1991,out,-1.233245015144348,-3.96957802772522
1991,nov,-11.74604034423828,-5.7079949378967285
1991,dez,1.0782259702682495,1.5025670528411863
1992,jan,5.9379048347473145,2.599565029144287
1992,fev,4.113183975219727,0.1358810067176818
1992,mar,-0.6551989912986755,-6.1461381912231445
1992,abr,15.284299850463867,10.457369804382324
1992,mai,3.9945180416107178,1.4159870147705078
1992,jun,-11.944510459899902,-8.261109352111816
1992,jul,-2.530700922012329,-3.7788119316101074
1992,ago,-9.842366218566896,-5.386817932128906
1992,set,18.11573982238769,11.19435977935791
1992,out,0.2009499967098236,3.9998700618743896
1992,nov,1.1258529424667358,3.6206750869750977
1992,dez,7.639181137084961,2.8872220516204834
1993,jan,2.9195690155029297,1.3367459774017334
1993,fev,-1.0624040365219116,1.2402739524841309
1993,mar,1.292641043663025,0.4071440100669861
1993,abr,0.4202409982681274,-1.7349300384521484
1993,mai,-2.5140810012817383,1.1115339994430542
1993,jun,0.4193620085716247,1.3541280031204224
1993,jul,4.374023914337158,1.9430619478225708
1993,ago,1.7335280179977417,4.961979866027832
1993,set,-3.659809112548828,-1.6187299489974976
1993,out,5.856907844543457,4.215408802032471
1993,nov,-1.3655500411987305,1.880360007286072
1993,dez,-1.346979022026062,5.826353073120117
1994,jan,12.895790100097656,2.973541021347046
1994,fev,-5.346701145172119,-5.479857921600342
1994,mar,-7.614727020263672,-5.784546852111816
1994,abr,10.220430374145508,1.1570830345153809
1994,mai,-6.928421974182129,-6.356198787689209
1994,jun,-5.065918922424316,-0.8435840010643005
1994,jul,7.483499050140381,5.779953002929688
1994,ago,1.828763008117676,3.29813003540039
1994,set,-5.692933082580566,-7.110010147094727
1994,out,-2.426961898803711,2.968005895614624
1994,nov,2.125101089477539,-1.5312449932098389
1994,dez,-4.22537088394165,0.2642799913883209
1995,jan,-6.30239200592041,-2.420387983322144
1995,fev,1.2786760330200195,0.1387950032949447
1995,mar,10.908909797668455,3.231657028198242
1995,abr,2.4978489875793457,2.215805053710937
1995,mai,2.891526937484741,3.856813907623291
1995,jun,-3.7730000019073486,-0.9522039890289308
1995,jul,8.776288986206055,4.020036220550537
1995,ago,2.882560968399048,1.4235999584197998
1995,set,2.1469130516052246,-0.0379129983484745
1995,out,-4.590105056762695,-1.1765530109405518
1995,nov,-1.2932549715042114,3.760277032852173
1995,dez,-4.2441020011901855,0.4346260130405426
1996,jan,6.647089004516602,1.906345009803772
1996,fev,1.6359009742736816,0.3018989861011505
1996,mar,7.858190059661865,-0.3141320049762726
1996,abr,0.7895449995994568,3.034332036972046
1996,mai,-0.9077249765396118,-1.497346043586731
1996,jun,-0.3922469913959503,-0.8946769833564758
1996,jul,-1.0358959436416626,-0.5328159928321838
1996,ago,2.5568161010742188,3.863737106323242
1996,set,3.1318299770355225,2.1182548999786377
1996,out,-0.0209470000118017,-0.8535529971122742
1996,nov,-5.3122878074646,1.7703410387039185
1996,dez,-5.196177005767822,1.7025519609451294
1997,jan,-0.7532470226287842,3.4657530784606934
1997,fev,-2.47434401512146,1.11525297164917
1997,mar,2.476478099822998,-2.0578179359436035
1997,abr,-1.119104027748108,3.57089900970459
1997,mai,3.3520760536193848,1.9534800052642824
1997,jun,-1.9101719856262207,2.458699941635132
1997,jul,0.1428149938583374,2.9923410415649414
1997,ago,10.50199031829834,-0.45796799659729
1997,set,12.98501968383789,8.111278533935547
1997,out,-4.134761810302734,-6.967123985290527
1997,nov,-4.148580074310303,-0.1559250056743621
1997,dez,-1.752478003501892,3.853282928466797
1998,jan,-3.3491220474243164,7.37946605682373
1998,fev,14.07470989227295,4.299098014831543
1998,mar,7.791650772094727,3.4107799530029297
1998,abr,5.154678821563721,-0.081495001912117
1998,mai,3.293685913085937,-1.613131046295166
1998,jun,-13.254619598388672,-0.3972890079021454
1998,jul,-7.714206218719482,-2.2373650074005127
1998,ago,-15.263400077819824,-12.463199615478516
1998,set,-15.228650093078612,-5.170734882354736
1998,out,15.962180137634276,11.705450057983398
1998,nov,-8.684088706970215,-0.3801999986171722
1998,dez,17.13842010498047,4.9867048263549805
1999,jan,-1.4684489965438845,2.493727922439575
1999,fev,8.503600120544434,0.9371050000190736
1999,mar,10.894309997558594,4.280083179473877
1999,abr,13.0349702835083,3.960824012756348
1999,mai,-5.654672145843506,-4.499197959899902
1999,jun,8.321969032287598,3.6567459106445312
1999,jul,0.5076519846916199,-2.503972053527832
1999,ago,-5.0229811668396,-0.1219019964337349
1999,set,-2.3054490089416504,-5.388031959533691
1999,out,-1.8768789768218996,4.010990142822266
1999,nov,1.348824977874756,6.265313148498535
1999,dez,-2.641649007797241,4.045659065246582
