obs,salario,feminino,nao_branco,sindicato,escolaridade,experiencia
1,11.550000190734863,1,0,0,12,20
2,5.0,0,0,0,9,9
3,12.0,0,0,0,16,15
4,7.0,0,1,1,14,38
5,21.149999618530277,1,1,0,16,19
6,6.920000076293945,1,0,0,12,4
7,10.0,1,0,0,12,14
8,8.0,1,1,0,12,32
9,15.630000114440918,0,0,0,18,7
10,18.21999931335449,1,0,0,18,5
11,20.0,0,0,0,20,31
12,4.349999904632568,1,0,0,12,7
13,5.0,0,0,0,5,31
14,8.25,0,1,0,12,14
15,15.0,0,0,1,12,15
16,19.0,1,1,1,14,26
17,18.0,0,1,1,14,23
18,7.070000171661377,0,0,1,16,4
19,8.0,0,0,0,14,16
20,25.0,0,0,0,14,27
21,17.299999237060547,1,0,0,12,44
22,16.0,1,0,0,12,38
23,5.0,1,0,0,12,19
24,8.25,0,0,0,12,13
25,8.0,1,0,1,12,14
26,13.6899995803833,1,1,0,12,20
27,19.899999618530277,0,0,0,12,26
28,22.0,1,1,1,12,17
29,6.5,1,0,0,12,1
30,12.0,1,1,0,12,19
31,13.390000343322754,0,0,0,12,34
32,36.84999847412109,0,0,0,20,21
33,27.46999931335449,0,0,0,16,25
34,6.0,0,1,0,12,2
35,21.540000915527344,1,0,1,18,19
36,12.43000030517578,0,0,0,12,7
37,19.700000762939453,0,0,0,12,33
38,7.5,1,0,0,12,11
39,25.950000762939453,0,0,0,18,12
40,25.950000762939453,1,0,0,16,13
41,11.529999732971191,1,0,0,18,29
42,5.5,1,0,0,12,2
43,9.619999885559082,0,0,0,12,10
44,5.25,1,1,0,12,3
45,11.5,0,0,0,12,9
46,17.0,0,0,0,16,30
47,11.0,0,0,1,12,30
48,13.0,1,0,0,12,29
49,7.320000171661377,0,0,0,12,2
50,5.5,0,0,0,12,6
51,11.520000457763672,0,0,0,12,33
52,15.0,0,0,0,12,37
53,13.5,0,0,1,12,16
54,6.75,1,0,0,11,12
55,12.5,0,0,0,12,12
56,7.099999904632568,0,0,0,9,28
57,6.0,0,1,0,11,35
58,14.43000030517578,0,0,0,16,9
59,13.779999732971191,1,0,0,16,2
60,5.0,1,1,0,12,7
61,4.489999771118164,1,1,1,10,31
62,10.0,0,0,0,5,42
63,5.0,1,0,0,12,37
64,17.68000030517578,1,0,1,16,33
65,4.380000114440918,1,1,0,12,23
66,6.880000114440918,1,0,0,12,12
67,12.5,1,0,0,12,25
68,13.899999618530272,1,0,0,16,8
69,7.0,0,0,0,12,41
70,12.0,0,0,1,11,32
71,9.0,0,0,0,12,15
72,6.5,0,0,0,11,6
73,16.0,0,0,1,12,42
74,2.130000114440918,1,0,0,12,12
75,9.619999885559082,0,1,0,12,21
76,20.200000762939453,1,0,0,18,21
77,14.43000030517578,1,0,0,20,2
78,35.83000183105469,0,0,0,20,20
79,16.670000076293945,1,0,0,14,11
80,23.07999992370605,0,0,1,18,25
81,4.25,0,0,0,14,7
82,5.5,1,0,0,12,25
83,15.59000015258789,0,0,0,12,36
84,6.940000057220459,1,1,0,14,26
85,25.0,1,0,0,14,30
86,5.0,0,0,0,12,3
87,15.68000030517578,1,0,1,16,21
88,9.529999732971191,1,1,0,12,19
89,11.0,0,0,0,12,7
90,4.25,1,0,0,12,0
91,4.0,1,1,0,12,34
92,8.25,0,0,0,12,15
93,22.0,0,0,1,12,15
94,5.150000095367432,1,0,0,12,1
95,4.699999809265137,0,0,0,16,1
96,8.0,0,0,0,1,26
97,12.0,0,1,1,11,32
98,2.0,1,0,0,5,14
99,5.0,0,0,0,9,12
100,7.0,0,0,0,12,3
101,12.0,0,0,1,5,30
102,17.489999771118164,0,0,0,12,14
103,6.75,0,1,0,10,9
104,6.5,1,1,0,14,5
105,4.5,1,0,0,1,26
106,8.649999618530273,1,1,0,16,18
107,10.0,0,0,0,9,8
108,5.5,1,0,0,1,20
109,7.5,0,0,0,12,2
110,3.569999933242798,1,0,0,16,1
111,18.25,1,1,1,16,21
112,16.0,0,0,0,14,26
113,25.0,0,0,1,18,33
114,12.0,1,0,0,12,41
115,15.350000381469728,1,0,0,12,22
116,16.670000076293945,1,0,0,12,28
117,6.25,0,0,1,12,38
118,4.25,1,0,0,12,37
119,17.299999237060547,0,0,0,16,15
120,20.82999992370605,0,0,1,12,38
121,18.459999084472656,0,0,1,16,30
122,10.0,0,0,0,10,2
123,11.550000190734863,0,0,0,12,15
124,11.0,1,0,0,14,7
125,15.890000343322754,1,0,0,16,24
126,23.07999992370605,0,1,0,16,14
127,4.25,1,0,0,5,22
128,5.0,0,0,0,7,7
129,17.450000762939453,1,0,0,12,23
130,12.81999969482422,1,0,0,16,25
131,6.800000190734863,0,1,0,12,2
132,4.25,1,0,0,10,5
133,8.649999618530273,1,1,0,12,38
134,8.0,1,0,1,12,36
135,13.25,1,0,0,14,25
136,6.75,0,0,0,12,17
137,5.5,1,0,0,1,24
138,7.5,0,0,0,12,19
139,9.25,1,0,0,16,21
140,29.1200008392334,0,0,0,16,22
141,24.75,0,0,0,16,19
142,8.960000038146973,1,0,1,12,41
143,8.0,0,0,0,12,6
144,7.0,1,0,0,12,1
145,17.299999237060547,1,0,1,16,37
146,12.029999732971191,0,0,0,12,10
147,9.0,0,1,1,16,4
148,5.5,0,0,0,12,0
149,4.449999809265137,1,0,0,11,1
150,6.059999942779541,1,0,1,12,1
151,21.6299991607666,0,0,0,16,12
152,5.829999923706055,0,0,0,12,2
153,43.25,0,0,0,18,13
154,37.5,0,0,0,12,22
155,8.1899995803833,0,0,0,12,13
156,21.6299991607666,0,0,0,16,12
157,6.0,1,0,0,12,17
158,9.75,1,0,0,16,7
159,8.649999618530273,1,0,0,16,10
160,7.0,1,0,0,12,24
161,6.0,0,0,0,7,24
162,10.0,1,0,1,12,7
163,12.5,1,0,0,12,13
164,25.479999542236328,1,0,1,18,30
165,5.0,1,0,0,12,4
166,14.43000030517578,1,1,0,16,5
167,24.46999931335449,1,0,0,16,33
168,28.850000381469727,0,0,1,20,23
169,42.72999954223633,0,0,0,20,13
170,7.0,0,1,0,16,15
171,9.0,1,1,0,16,23
172,7.0,0,1,0,12,3
173,18.0,0,0,0,12,22
174,18.0,0,0,0,12,22
175,13.550000190734863,1,0,1,16,24
176,9.300000190734863,1,0,0,12,20
177,14.239999771118164,0,0,0,16,17
178,18.0,1,0,0,18,9
179,9.09000015258789,1,0,0,12,16
180,17.639999389648438,1,0,0,12,13
181,11.529999732971191,1,0,0,16,14
182,19.149999618530277,0,0,1,14,11
183,12.199999809265137,1,0,0,12,15
184,14.4399995803833,0,0,0,12,7
185,15.0,1,0,0,16,29
186,9.539999961853027,1,0,0,12,27
187,17.450000762939453,0,0,0,12,23
188,24.0,1,0,0,14,16
189,14.43000030517578,0,0,0,18,8
190,16.350000381469727,0,0,0,16,8
191,5.0,1,0,0,12,6
192,18.700000762939453,1,0,0,16,11
193,8.0,0,0,0,12,47
194,18.75,0,0,1,12,16
195,5.5,1,0,0,12,1
196,4.920000076293945,1,0,0,12,40
197,7.0,1,0,0,16,1
198,4.5,0,0,0,12,4
199,8.199999809265137,1,0,0,12,33
200,17.25,0,0,0,12,27
201,12.029999732971191,1,0,0,12,12
202,18.200000762939453,1,0,0,12,18
203,2.859999895095825,1,0,0,12,13
204,12.0,0,0,0,7,29
205,14.699999809265137,1,0,0,14,22
206,24.0,0,0,1,12,33
207,14.420000076293944,1,0,0,14,13
208,9.0,1,0,1,12,24
209,19.71999931335449,0,0,0,16,23
210,8.0,1,0,0,18,13
211,12.0,0,0,0,12,9
212,13.15999984741211,1,0,0,12,4
213,11.25,0,0,0,12,12
214,18.0,0,0,1,12,18
215,13.5,0,0,0,16,3
216,8.75,0,0,0,12,6
217,12.720000267028809,0,0,0,16,18
218,11.3100004196167,1,0,0,14,10
219,6.0,1,0,0,12,0
220,9.0,0,0,0,12,7
221,21.46999931335449,0,0,0,16,8
222,5.0,0,1,0,12,12
223,12.5,1,1,0,12,42
224,25.479999542236328,1,1,0,20,27
225,14.40999984741211,0,1,1,12,22
226,10.100000381469728,0,1,1,16,4
227,7.199999809265137,0,1,0,12,5
228,14.399999618530272,1,1,0,12,19
229,9.100000381469728,1,1,1,12,32
230,23.07999992370605,0,0,0,20,3
231,7.0,1,0,0,16,3
232,19.280000686645508,0,0,0,12,15
233,8.710000038146973,1,0,0,12,17
234,9.380000114440918,1,0,0,12,43
235,12.0,0,0,0,9,23
236,13.0,0,0,0,12,10
237,9.630000114440918,0,0,0,12,15
238,16.450000762939453,1,0,0,16,41
239,5.0,1,0,0,12,20
240,20.82999992370605,1,0,0,14,26
241,7.0,0,1,0,12,8
242,10.0,0,0,0,12,6
243,13.0,0,1,0,12,44
244,22.0,0,0,0,12,22
245,8.0,0,0,0,14,2
246,6.0,0,0,0,12,22
247,23.09000015258789,1,0,0,20,17
248,19.229999542236328,1,0,0,16,27
249,8.0,0,0,0,14,4
250,11.109999656677246,0,0,0,12,14
251,4.599999904632568,1,1,1,5,43
252,11.81999969482422,0,0,0,14,37
253,4.550000190734863,0,0,0,12,5
254,10.0,0,0,0,12,19
255,7.409999847412109,1,1,0,10,29
256,28.82999992370605,0,0,0,16,21
257,4.5,1,0,0,11,1
258,11.0,0,0,0,12,16
259,10.079999923706056,1,0,0,12,39
260,9.050000190734863,1,0,0,12,38
261,8.0,1,1,0,12,9
262,5.150000095367432,1,1,0,12,2
263,5.0,0,1,0,12,3
264,12.029999732971191,1,0,0,12,6
265,16.829999923706055,1,0,0,16,25
266,2.0999999046325684,1,0,0,18,27
267,28.229999542236328,0,0,0,20,24
268,7.0,0,0,0,9,17
269,6.0,1,1,0,12,5
270,10.100000381469728,1,0,0,18,15
271,18.0,1,0,0,14,6
272,6.75,1,0,0,12,22
273,11.210000038146973,1,0,1,12,11
274,10.0,0,0,0,12,31
275,5.0,1,1,0,11,39
276,15.0,1,0,0,12,15
277,14.09000015258789,0,0,0,12,19
278,6.929999828338623,1,0,0,12,10
279,6.739999771118164,1,1,0,12,20
280,16.0,0,0,0,14,17
281,6.25,1,0,0,11,34
282,10.0,0,0,0,14,32
283,9.579999923706056,1,0,0,12,14
284,21.149999618530277,1,0,0,18,15
285,6.5,0,0,0,9,3
286,8.029999732971191,1,0,0,7,38
287,24.030000686645508,0,0,0,14,36
288,12.979999542236328,0,0,0,16,23
289,23.399999618530277,0,0,0,20,6
290,15.880000114440918,1,1,0,12,15
291,11.779999732971191,0,0,0,12,41
292,7.0,1,0,0,12,39
293,15.100000381469728,0,0,0,16,16
294,21.0,1,0,0,14,25
295,5.5,1,1,0,16,10
296,9.31999969482422,0,1,1,12,12
297,14.43000030517578,1,1,0,12,29
298,4.0,0,1,0,1,33
299,8.75,0,0,0,9,31
300,8.5,0,0,0,9,7
301,8.0,0,0,0,7,30
302,25.0,0,1,0,20,2
303,24.030000686645508,0,0,0,18,24
304,6.0,1,0,0,14,36
305,5.820000171661377,0,1,0,12,11
306,15.0,0,0,0,12,15
307,11.5,1,1,1,16,29
308,24.030000686645508,0,1,1,14,40
309,4.25,1,1,0,12,9
310,8.649999618530273,1,1,0,10,8
311,5.5,0,1,0,12,1
312,19.190000534057617,0,1,1,12,39
313,19.100000381469727,1,0,1,18,26
314,14.0,0,1,0,12,26
315,4.440000057220459,0,0,0,16,15
316,16.829999923706055,1,0,0,18,28
317,7.0,1,0,0,12,24
318,23.170000076293945,0,0,0,12,37
319,10.979999542236328,0,0,0,12,11
320,5.25,0,1,0,12,0
321,17.299999237060547,0,0,0,14,26
322,7.179999828338623,1,0,1,12,21
323,6.25,0,0,0,16,22
324,7.0,1,0,0,12,46
325,11.539999961853027,1,0,1,12,35
326,7.300000190734863,1,0,0,12,0
327,7.0,1,0,0,16,3
328,8.0,0,0,0,12,8
329,7.0,0,0,1,12,41
330,5.5,1,1,0,12,2
331,10.0,1,1,0,12,9
332,40.0,0,0,0,18,41
333,11.539999961853027,1,0,0,16,3
334,14.43000030517578,1,0,0,12,6
335,22.5,0,0,0,18,3
336,8.420000076293945,1,0,0,12,23
337,13.75,0,0,0,12,36
338,5.340000152587891,1,0,0,12,32
339,12.029999732971191,0,1,0,12,8
340,7.0,1,1,1,12,7
341,5.099999904632568,0,0,0,5,36
342,12.5,1,0,0,18,0
343,16.0,1,0,0,16,9
344,25.0,0,0,1,12,24
345,12.979999542236328,0,0,1,12,37
346,6.920000076293945,1,0,0,1,26
347,9.380000114440918,1,1,0,18,9
348,37.5,0,0,0,16,35
349,19.229999542236328,0,0,0,20,12
350,11.1899995803833,1,0,0,16,29
351,11.5,1,0,0,12,29
352,14.640000343322754,1,0,0,14,12
353,25.0,0,0,1,14,30
354,9.0,0,0,0,11,13
355,14.90999984741211,1,0,0,12,20
356,8.5,0,0,0,14,2
357,21.15999984741211,0,0,0,16,9
358,17.049999237060547,1,0,0,18,23
359,6.099999904632568,1,0,0,12,6
360,15.949999809265137,0,0,0,16,14
361,9.789999961853027,0,0,1,12,21
362,14.15999984741211,1,0,0,16,9
363,28.3799991607666,0,0,0,14,31
364,5.5,0,0,0,1,25
365,5.0,0,0,1,12,9
366,11.529999732971191,1,0,0,12,26
367,16.0,0,0,0,16,7
368,33.220001220703125,0,0,0,18,13
369,12.0,0,0,0,12,15
370,19.25,1,0,0,12,22
371,38.45000076293945,1,0,0,12,32
372,4.25,1,0,0,12,3
373,0.8399999737739563,1,0,0,10,35
374,7.059999942779541,1,1,0,12,12
375,4.75,1,0,0,12,1
376,4.0,0,1,0,12,7
377,15.0,1,0,0,11,38
378,23.07999992370605,0,0,0,16,8
379,17.5,1,0,0,18,38
380,13.75,1,0,0,12,14
381,5.0,1,0,0,12,17
382,8.0,0,0,0,11,5
383,10.0,1,0,0,12,9
384,21.020000457763672,0,0,0,16,9
385,6.039999961853027,1,0,0,12,21
386,7.0,1,0,0,12,8
387,4.25,0,1,0,12,3
388,11.0,1,0,1,12,23
389,4.5,0,0,0,9,23
390,18.0,0,0,1,12,28
391,9.0,0,0,0,12,6
392,12.0,1,0,0,14,16
393,17.860000610351562,0,0,1,16,22
394,26.920000076293945,0,0,0,16,31
395,16.25,1,0,0,16,13
396,8.75,0,0,0,12,17
397,14.479999542236328,1,0,0,18,12
398,24.049999237060547,0,0,1,14,26
399,3.849999904632568,0,0,0,12,18
400,27.8799991607666,0,0,0,16,27
401,5.0,1,0,0,12,43
402,16.5,0,0,0,16,12
403,7.210000038146973,1,0,0,12,33
404,13.449999809265137,1,0,0,12,38
405,10.050000190734863,0,0,0,11,22
406,4.25,1,0,0,12,5
407,6.75,1,0,0,12,22
408,15.0,0,0,1,20,16
409,7.5,1,0,0,18,19
410,8.5,0,0,0,14,6
411,7.210000038146973,1,0,0,12,20
412,9.020000457763672,0,0,0,12,25
413,5.0,1,0,0,12,9
414,5.349999904632568,1,0,0,14,8
415,6.0,0,0,0,12,4
416,9.0,1,0,0,12,29
417,2.299999952316284,1,0,0,12,5
418,5.0,1,0,0,12,3
419,11.350000381469728,1,0,0,7,35
420,5.0,0,0,0,12,2
421,8.0,0,0,0,12,5
422,7.989999771118164,0,0,0,12,20
423,14.0,1,0,1,12,24
424,10.579999923706056,1,0,0,14,3
425,15.380000114440918,0,0,0,11,24
426,15.0,0,0,0,16,8
427,13.0,1,0,0,14,32
428,4.440000057220459,0,1,0,12,6
429,15.43000030517578,1,1,0,12,31
430,9.0,0,0,0,12,4
431,14.18000030517578,1,0,0,12,39
432,14.960000038146973,0,0,0,16,9
433,30.780000686645508,0,0,0,20,27
434,17.0,0,0,0,12,24
435,8.5,1,0,0,14,13
436,6.75,1,0,0,16,6
437,12.5,0,0,0,12,10
438,22.299999237060547,0,0,0,16,20
439,5.0,0,0,0,16,21
440,4.900000095367432,0,0,0,12,3
441,13.75,0,0,1,12,40
442,8.600000381469727,1,1,0,12,17
443,6.519999980926514,0,0,0,12,46
444,4.800000190734863,1,0,0,12,15
445,16.0,0,0,1,12,28
446,5.0,0,0,0,11,1
447,5.75,0,0,0,12,3
448,7.0,1,1,0,12,25
449,8.850000381469727,1,1,0,12,15
450,18.8700008392334,0,0,0,14,14
451,30.75,0,0,0,18,27
452,5.300000190734863,1,0,0,12,15
453,28.82999992370605,1,0,0,14,20
454,4.329999923706055,1,0,0,11,26
455,6.039999961853027,0,0,0,12,34
456,18.690000534057617,0,0,1,16,9
457,13.5,1,0,0,12,36
458,17.889999389648438,1,0,1,12,24
459,13.75,1,0,0,16,9
460,7.199999809265137,1,0,0,12,11
461,7.0,1,0,0,12,1
462,5.0,1,0,0,12,10
463,17.0,1,0,0,12,38
464,10.0,0,0,1,12,9
465,28.850000381469727,0,1,0,12,20
466,13.5,1,0,0,16,2
467,7.0,1,0,0,16,11
468,13.4399995803833,1,1,1,12,16
469,6.0,1,1,0,12,4
470,9.0,0,0,1,12,0
471,10.100000381469728,0,1,0,12,11
472,16.829999923706055,0,1,0,12,27
473,20.200000762939453,1,0,0,12,15
474,8.0,1,0,0,12,41
475,12.130000114440918,1,0,0,12,23
476,3.0,1,0,0,16,2
477,4.349999904632568,1,0,0,12,18
478,15.0600004196167,1,0,1,16,28
479,5.25,1,0,0,16,5
480,21.149999618530277,1,0,0,12,17
481,16.829999923706055,0,0,0,12,40
482,8.75,1,0,0,9,48
483,9.470000267028809,1,0,0,12,24
484,9.050000190734863,1,0,0,12,27
485,11.529999732971191,0,0,0,12,14
486,13.0,1,0,0,12,38
487,5.0,1,0,0,16,6
488,11.0,0,0,0,12,29
489,10.670000076293944,1,0,0,12,21
490,9.5,0,0,0,12,6
491,17.780000686645508,0,0,0,12,18
492,26.93000030517578,1,0,0,16,13
493,10.0,1,0,0,12,41
494,28.350000381469727,0,0,0,16,34
495,8.0,0,0,0,7,30
496,20.68000030517578,1,0,1,18,20
497,21.6299991607666,1,0,0,16,11
498,16.299999237060547,0,0,1,12,21
499,19.940000534057617,1,0,0,18,34
500,11.25,1,0,1,11,40
501,11.729999542236328,0,0,0,16,22
502,12.0,1,0,0,14,20
503,18.15999984741211,1,0,1,14,32
504,7.150000095367432,0,0,0,12,1
505,38.45000076293945,1,0,0,18,18
506,25.43000030517578,1,0,0,18,17
507,18.459999084472656,1,0,0,18,27
508,36.04999923706055,0,1,0,18,9
509,7.880000114440918,1,0,0,20,15
510,6.0,1,0,1,12,5
511,38.459999084472656,0,0,0,16,31
512,25.88999938964844,1,0,0,16,12
513,48.08000183105469,0,0,0,16,38
514,9.5,0,0,0,12,18
515,16.600000381469727,1,0,0,16,16
516,6.5,1,0,0,11,21
517,8.0,1,0,0,12,6
518,18.75,1,0,0,12,30
519,6.5,1,0,0,10,42
520,12.5,1,0,0,16,19
521,17.0,0,0,1,14,27
522,5.349999904632568,1,0,0,12,13
523,39.0,0,0,0,16,25
524,12.5,0,0,1,12,26
525,10.84000015258789,1,0,0,12,38
526,9.0,1,0,0,12,31
527,8.0,0,0,0,12,6
528,8.5,1,0,0,16,7
529,5.75,1,1,0,16,12
530,9.0,1,0,0,12,26
531,8.0,0,0,0,9,22
532,17.299999237060547,0,0,1,18,22
533,5.0,1,0,0,12,14
534,5.0,0,0,0,12,35
535,21.899999618530277,0,0,1,14,17
536,10.050000190734863,1,0,1,12,23
537,17.75,0,0,0,12,21
538,4.599999904632568,1,0,0,12,3
539,4.25,1,0,0,12,6
540,9.34000015258789,0,0,1,12,29
541,8.5600004196167,1,0,0,12,12
542,25.0,0,0,0,12,6
543,7.0,1,0,0,12,28
544,23.950000762939453,0,0,1,16,40
545,4.650000095367432,0,0,0,12,35
546,7.150000095367432,0,0,0,14,4
547,9.890000343322754,1,0,0,12,35
548,18.649999618530277,1,0,1,18,15
549,11.630000114440918,0,0,0,12,23
550,6.599999904632568,0,0,0,14,10
551,10.800000190734863,1,0,0,12,16
552,22.63999938964844,0,0,0,20,14
553,6.75,1,0,0,12,34
554,8.0,0,1,0,12,4
555,9.609999656677246,1,0,0,12,12
556,4.25,1,0,0,12,12
557,8.779999732971191,1,0,1,12,18
558,5.579999923706055,1,0,0,10,10
559,7.099999904632568,1,0,0,12,40
560,7.0,1,0,1,14,13
561,9.0,1,0,0,18,14
562,5.0,0,0,0,11,1
563,18.0,0,0,0,12,34
564,18.0,0,0,1,12,23
565,16.829999923706055,1,0,0,12,18
566,25.63999938964844,0,0,0,16,29
567,9.25,1,0,0,12,39
568,19.420000076293945,0,0,0,16,30
569,12.720000267028809,0,0,0,16,14
570,18.440000534057617,0,0,1,12,21
571,4.860000133514404,0,0,1,7,52
572,12.0,0,0,0,12,24
573,38.459999084472656,0,0,0,16,23
574,8.430000305175781,0,1,1,12,22
575,7.0,1,1,1,7,21
576,14.100000381469728,0,1,1,16,11
577,11.0,0,0,0,16,24
578,26.600000381469727,0,0,0,12,38
579,13.0,1,1,0,12,16
580,15.0,0,0,0,12,32
581,5.0,1,1,0,12,7
582,7.5,0,1,1,16,25
583,19.0,1,1,0,12,30
584,7.0,1,0,0,12,13
585,16.350000381469727,0,0,0,18,10
586,9.68000030517578,1,0,0,12,17
587,9.5,1,0,0,12,43
588,35.380001068115234,0,0,0,16,16
589,13.640000343322754,0,0,0,12,17
590,16.829999923706055,0,1,0,12,38
591,6.190000057220459,0,0,0,12,22
592,27.46999931335449,0,0,0,16,25
593,13.100000381469728,1,0,1,12,34
594,10.300000190734863,1,0,0,12,14
595,8.0,0,0,0,12,4
596,7.78000020980835,0,0,0,12,21
597,5.0,1,0,0,16,1
598,30.57999992370605,0,0,0,16,21
599,10.0,0,0,1,12,32
600,16.350000381469727,1,0,0,20,13
601,9.5,0,0,0,12,12
602,12.119999885559082,1,0,0,12,40
603,17.270000457763672,1,0,0,16,19
604,12.0,1,0,1,14,8
605,5.0,1,1,0,12,19
606,25.479999542236328,0,0,0,12,16
607,5.5,1,1,0,12,13
608,32.93000030517578,0,1,0,20,13
609,6.400000095367432,1,1,0,12,6
610,20.200000762939453,0,0,0,12,16
611,14.0,0,0,0,11,29
612,6.0,1,0,0,12,6
613,9.630000114440918,1,0,0,12,16
614,9.609999656677246,0,0,0,20,9
615,8.899999618530273,0,1,0,14,9
616,16.670000076293945,0,0,0,12,3
617,11.0,0,0,0,12,3
618,7.699999809265137,1,1,0,12,6
619,14.43000030517578,0,0,0,12,20
620,24.8700008392334,1,0,0,16,28
621,19.0,1,1,0,14,18
622,4.5,1,1,0,12,16
623,6.0,0,1,0,12,47
624,21.07999992370605,0,0,0,16,14
625,9.579999923706056,1,1,0,14,13
626,12.0,0,0,0,12,30
627,7.070000171661377,1,1,1,12,12
628,7.0,1,0,0,12,16
629,10.579999923706056,1,0,0,16,0
630,8.569999694824219,1,0,0,12,27
631,7.179999828338623,1,0,0,12,10
632,9.609999656677246,1,0,0,12,13
633,12.5,1,0,0,16,8
634,6.25,1,1,0,12,16
635,6.0,0,0,0,12,45
636,10.0,1,0,0,12,4
637,24.030000686645508,0,1,0,20,32
638,38.459999084472656,0,0,0,16,18
639,5.5,0,0,0,16,8
640,14.43000030517578,0,0,0,18,17
641,10.0,0,0,0,11,26
642,18.0,0,0,0,16,21
643,6.150000095367432,1,0,0,12,3
644,23.75,0,0,1,18,28
645,9.25,0,0,0,12,28
646,8.079999923706055,0,0,0,12,29
647,5.0,1,0,0,12,29
648,12.399999618530272,0,0,0,12,18
649,5.0,1,0,0,12,24
650,6.920000076293945,0,0,0,12,26
651,7.840000152587891,1,0,0,12,33
652,6.880000114440918,1,0,0,12,16
653,6.349999904632568,1,0,0,12,15
654,8.25,1,0,0,12,17
655,12.800000190734863,0,0,0,14,27
656,19.239999771118164,1,0,0,12,25
657,15.0,1,0,0,14,14
658,7.0,1,0,0,16,8
659,6.0,0,0,0,12,5
660,7.300000190734863,1,0,0,16,17
661,5.0,1,0,0,12,3
662,20.850000381469727,1,0,0,16,19
663,12.25,1,0,0,16,0
664,6.730000019073486,1,0,0,12,9
665,11.539999961853027,0,0,0,18,32
666,5.0,1,0,0,12,31
667,20.200000762939453,0,0,0,12,31
668,18.75,0,0,1,12,34
669,4.900000095367432,0,0,0,16,1
670,9.619999885559082,0,0,0,12,10
671,8.649999618530273,0,0,0,14,24
672,9.18000030517578,1,0,0,14,7
673,5.0,0,0,0,12,6
674,7.5,0,0,0,12,41
675,20.200000762939453,0,1,0,16,37
676,4.659999847412109,1,0,0,12,6
677,4.25,0,0,0,11,19
678,9.239999771118164,1,0,1,16,2
679,13.460000038146973,0,1,0,12,15
680,13.640000343322754,0,0,0,14,21
681,7.5,0,1,0,7,14
682,7.25,0,1,0,16,30
683,9.229999542236328,1,1,0,12,10
684,14.399999618530272,0,0,1,12,32
685,13.0,1,0,0,12,9
686,15.579999923706056,0,0,1,12,35
687,5.78000020980835,1,0,0,12,30
688,15.5600004196167,0,0,0,12,21
689,13.890000343322754,1,0,0,12,18
690,18.450000762939453,0,0,0,12,35
691,6.0,0,0,0,12,5
692,5.0,1,0,0,12,23
693,7.139999866485596,1,0,0,12,5
694,7.079999923706055,0,0,0,12,21
695,5.0,0,0,0,12,13
696,13.460000038146973,1,0,1,18,24
697,33.0,0,0,0,12,47
698,12.90999984741211,0,0,1,11,21
699,4.5,1,0,0,14,13
700,5.0,1,0,1,12,17
701,13.0,0,0,1,12,13
702,10.0,1,0,0,10,23
703,34.959999084472656,1,0,0,20,6
704,12.65999984741211,1,1,1,14,6
705,17.299999237060547,0,1,0,18,4
706,18.290000915527344,1,0,1,12,30
707,48.08000183105469,0,0,0,16,2
708,19.239999771118164,0,0,0,16,28
709,12.0,0,0,0,12,25
710,22.729999542236328,1,0,1,16,42
711,12.0,0,0,0,12,20
712,17.780000686645508,1,0,0,14,24
713,8.890000343322754,1,0,0,12,37
714,15.0,0,0,1,12,35
715,13.0,1,0,1,11,33
716,64.08000183105469,1,0,0,16,12
717,14.0,0,0,0,12,23
718,12.0,0,0,0,14,9
719,7.0,0,1,0,5,22
720,27.700000762939453,0,0,0,16,15
721,9.0,0,0,0,12,11
722,11.0,0,0,0,12,27
723,1.5700000524520874,0,1,0,16,6
724,6.050000190734863,1,1,0,12,4
725,15.0,1,0,0,12,27
726,19.25,0,0,1,12,22
727,10.420000076293944,0,0,0,16,19
728,10.300000190734863,0,0,0,12,32
729,13.84000015258789,0,0,0,16,11
730,12.0,1,0,1,12,17
731,8.649999618530273,0,0,0,12,13
732,30.239999771118164,1,0,1,18,22
733,11.5,1,0,0,12,22
734,11.539999961853027,0,0,0,12,14
735,20.200000762939453,0,0,0,16,6
736,50.0,1,0,0,16,7
737,13.0,0,0,1,12,42
738,4.25,1,0,0,12,25
739,7.699999809265137,0,0,1,12,45
740,15.9399995803833,1,0,0,12,16
741,25.81999969482422,0,0,1,12,33
742,14.0,1,0,0,12,33
743,12.5,1,0,1,14,30
744,25.290000915527344,1,0,0,12,44
745,8.649999618530273,0,0,0,12,14
746,14.0,0,0,1,12,8
747,12.0,0,0,0,12,28
748,14.43000030517578,0,0,1,16,22
749,29.90999984741211,0,0,0,18,22
750,10.25,0,0,0,16,11
751,18.84000015258789,0,0,0,18,27
752,12.0,1,0,0,12,43
753,25.0,0,0,1,12,43
754,6.650000095367432,1,0,0,14,17
755,18.0,0,1,1,12,47
756,5.0,0,1,0,16,26
757,6.5,1,0,0,12,28
758,23.07999992370605,0,0,0,18,15
759,10.5,0,0,0,12,7
760,10.0,0,0,1,12,6
761,8.75,0,1,0,12,4
762,15.470000267028809,1,1,0,14,21
763,42.54999923706055,0,0,0,20,27
764,6.0,1,1,0,12,3
765,6.25,1,0,0,12,12
766,4.0,1,0,0,10,6
767,16.829999923706055,0,0,0,12,42
768,7.0,0,0,0,12,6
769,5.440000057220459,0,0,0,20,36
770,5.0,1,0,0,11,1
771,11.0,0,0,0,14,25
772,6.880000114440918,0,1,0,12,13
773,11.0,0,1,1,12,10
774,19.239999771118164,0,0,0,18,9
775,10.100000381469728,0,0,0,12,30
776,9.529999732971191,0,0,0,12,13
777,9.350000381469728,0,0,1,12,17
778,7.0,0,1,0,12,18
779,31.86000061035156,0,0,0,12,31
780,12.5,1,0,1,12,34
781,28.850000381469727,1,0,0,16,10
782,8.0,1,0,0,12,9
783,12.18000030517578,0,0,1,16,9
784,5.0,0,0,0,11,14
785,7.25,1,0,0,12,20
786,18.0,1,0,0,16,17
787,8.0,0,0,1,12,12
788,8.0,0,0,1,12,10
789,16.0,1,0,0,16,12
790,8.649999618530273,0,0,0,12,22
791,14.489999771118164,0,0,1,12,33
792,3.75,1,0,0,12,31
793,7.5,0,0,0,16,4
794,9.0,1,0,0,12,0
795,3.5,0,1,0,12,4
796,27.5,0,1,1,12,30
797,20.0,0,0,0,12,11
798,12.0,1,1,1,12,24
799,3.75,1,1,1,0,56
800,45.0,1,0,0,18,16
801,6.0,1,0,0,9,13
802,21.149999618530277,1,0,0,20,3
803,16.829999923706055,0,1,0,16,14
804,8.050000190734863,0,0,0,14,24
805,22.21999931335449,0,0,0,16,15
806,3.0799999237060547,0,1,0,12,11
807,42.72999954223633,0,0,0,18,16
808,35.0,1,0,1,12,19
809,49.459999084472656,0,0,0,16,23
810,17.299999237060547,0,0,0,12,32
811,15.850000381469728,1,0,0,12,30
812,11.220000267028809,1,0,0,18,21
813,17.280000686645508,1,0,1,16,43
814,5.0,1,0,0,12,15
815,11.25,1,0,0,12,9
816,13.0,0,1,1,5,34
817,26.920000076293945,0,0,0,18,11
818,6.25,1,1,0,12,13
819,48.08000183105469,1,0,0,16,20
820,19.21999931335449,0,0,0,16,14
821,13.75,1,0,0,14,8
822,9.260000228881836,0,0,0,16,26
823,6.5,1,0,0,14,7
824,6.599999904632568,1,0,0,16,0
825,14.289999961853027,1,0,0,14,30
826,15.710000038146973,1,0,0,16,13
827,23.549999237060547,0,0,0,18,26
828,16.030000686645508,0,0,0,12,12
829,18.0,0,1,1,12,30
830,12.140000343322754,0,1,1,12,23
831,12.0,0,1,0,18,6
832,17.760000228881836,1,0,0,12,38
833,18.0,0,0,1,12,23
834,11.0,0,0,0,12,17
835,12.0,0,0,1,12,30
836,9.220000267028809,0,0,0,12,30
837,4.25,1,0,0,12,21
838,17.959999084472656,1,0,0,16,7
839,6.0,1,0,1,12,0
840,11.25,0,0,1,12,15
841,12.729999542236328,1,0,1,18,17
842,8.0,0,0,1,12,20
843,4.75,1,0,0,10,3
844,7.349999904632568,1,0,0,12,18
845,27.700000762939453,1,0,0,12,33
846,19.229999542236328,0,0,0,18,27
847,9.050000190734863,1,0,0,12,27
848,19.229999542236328,0,0,0,12,14
849,8.84000015258789,0,0,0,16,0
850,17.299999237060547,0,0,0,18,20
851,13.449999809265137,1,0,1,16,23
852,8.5,0,0,0,12,25
853,12.65999984741211,1,0,0,16,20
854,18.600000381469727,1,0,0,16,4
855,11.220000267028809,0,0,0,14,26
856,10.350000381469728,0,0,0,12,4
857,14.4399995803833,0,0,0,12,43
858,6.659999847412109,1,0,0,12,40
859,13.649999618530272,0,0,0,7,35
860,4.349999904632568,1,1,0,12,23
861,14.43000030517578,0,0,0,12,30
862,6.25,1,0,0,12,44
863,16.200000762939453,1,0,0,16,21
864,7.5,1,1,0,12,16
865,5.0,0,1,0,12,7
866,6.0,1,0,0,12,19
867,38.459999084472656,0,0,0,18,21
868,34.959999084472656,0,0,0,18,24
869,10.779999732971191,0,0,0,12,30
870,16.829999923706055,0,0,0,12,43
871,32.04999923706055,0,0,0,20,23
872,5.0,1,0,0,10,42
873,12.029999732971191,0,0,1,10,34
874,9.31999969482422,0,0,0,12,11
875,8.0,0,0,0,12,9
876,5.5,1,0,0,12,33
877,6.0,1,0,0,12,13
878,7.0,0,0,0,7,17
879,33.33000183105469,0,0,0,16,7
880,5.0,1,0,0,12,10
881,8.3100004196167,1,0,0,12,10
882,15.0,1,0,0,14,7
883,22.1299991607666,0,0,0,16,28
884,17.860000610351562,1,0,1,18,20
885,32.04999923706055,0,0,1,16,12
886,23.5,0,0,0,16,10
887,30.6200008392334,0,0,0,18,15
888,16.0,1,0,0,12,29
889,3.849999904632568,1,0,0,14,3
890,6.239999771118164,1,1,0,12,26
891,6.880000114440918,0,0,0,7,39
892,6.670000076293945,0,0,0,10,37
893,7.5,1,0,0,12,34
894,9.699999809265137,0,0,0,9,30
895,6.519999980926514,0,0,0,9,34
896,9.600000381469728,1,0,0,16,25
897,11.0,1,0,0,16,11
898,11.050000190734863,1,0,0,16,2
899,6.5,1,1,0,9,21
900,5.75,0,0,0,16,13
901,5.400000095367432,1,0,0,12,2
902,6.78000020980835,1,0,0,12,2
903,16.0,1,0,0,12,44
904,10.15999984741211,0,0,0,12,25
905,1.5,1,0,0,14,17
906,9.329999923706056,0,0,0,16,4
907,13.520000457763672,1,0,1,12,27
908,4.25,0,0,0,12,4
909,15.0,0,0,1,12,29
910,18.1299991607666,0,0,1,14,22
911,6.25,0,0,0,12,22
912,5.800000190734863,0,0,0,12,3
913,4.25,1,0,0,12,1
914,6.349999904632568,1,0,0,12,44
915,14.43000030517578,1,0,1,18,21
916,11.0,0,0,0,0,51
917,12.029999732971191,1,1,1,16,41
918,9.0,1,1,0,12,15
919,6.5,1,0,0,16,4
920,9.789999961853027,1,0,0,16,8
921,6.150000095367432,0,0,0,12,21
922,12.220000267028809,0,0,1,16,9
923,6.199999809265137,1,0,0,12,26
924,22.15999984741211,0,0,0,12,40
925,12.880000114440918,0,0,1,12,24
926,12.199999809265137,0,0,0,12,26
927,28.84000015258789,0,0,0,18,15
928,6.0,1,0,0,12,4
929,13.0,1,0,0,14,31
930,5.0,1,1,0,10,26
931,9.520000457763672,1,0,0,12,44
932,7.0,1,0,0,12,13
933,9.5,0,0,0,12,20
934,2.0,0,0,0,11,1
935,15.81999969482422,0,0,0,12,9
936,30.0,1,0,0,20,17
937,9.619999885559082,1,0,0,14,5
938,14.84000015258789,1,0,0,12,44
939,11.5,0,0,0,16,4
940,31.25,0,0,0,16,39
941,33.560001373291016,0,0,0,18,17
942,5.0,1,0,0,16,22
943,29.57999992370605,0,0,0,16,31
944,9.130000114440918,1,0,0,12,33
945,8.890000343322754,0,0,0,16,16
946,5.25,0,0,0,12,5
947,11.0,1,0,1,12,18
948,15.350000381469728,0,0,0,12,23
949,10.850000381469728,1,0,0,18,18
950,11.31999969482422,0,0,0,12,13
951,6.650000095367432,1,0,0,12,23
952,5.0,1,0,0,12,1
953,10.210000038146973,1,0,1,12,12
954,5.510000228881836,1,0,0,12,22
955,10.0,0,0,0,16,37
956,20.0,0,0,0,12,20
957,1.149999976158142,0,0,0,12,43
958,14.43000030517578,0,0,0,12,16
959,9.300000190734863,1,0,0,12,24
960,8.0,0,0,0,12,6
961,7.960000038146973,1,0,0,12,30
962,11.0,0,0,1,12,19
963,5.0,0,0,0,12,29
964,33.650001525878906,0,0,0,16,27
965,5.5,1,0,0,12,13
966,14.859999656677246,0,0,0,12,17
967,4.5,1,0,0,11,1
968,12.300000190734863,0,0,1,16,18
969,42.72999954223633,0,0,0,16,24
970,18.65999984741211,1,0,1,12,31
971,11.0,1,0,0,12,26
972,10.0,1,0,0,16,2
973,7.0,0,0,1,12,34
974,11.720000267028809,0,0,0,12,32
975,5.0,1,0,0,12,3
976,18.25,0,0,0,12,25
977,5.5,0,0,0,12,35
978,6.0,1,0,0,12,14
979,5.449999809265137,1,0,0,12,18
980,5.829999923706055,1,0,0,12,46
981,14.43000030517578,0,0,0,12,27
982,6.730000019073486,1,0,0,12,12
983,12.56999969482422,0,1,1,12,28
984,5.0,0,0,0,12,6
985,8.399999618530273,0,1,0,14,30
986,4.699999809265137,1,0,0,11,1
987,10.25,1,0,0,12,11
988,12.40999984741211,0,0,1,12,8
989,5.449999809265137,1,0,0,12,39
990,48.06999969482422,0,0,0,20,37
991,19.0,1,0,1,14,14
992,8.869999885559082,0,0,0,14,25
993,7.5,0,0,0,12,10
994,10.329999923706056,1,0,0,12,42
995,10.0,0,0,0,18,20
996,10.130000114440918,1,0,0,16,2
997,14.630000114440918,0,0,0,16,30
998,11.68000030517578,1,0,0,12,19
999,12.5,0,0,0,14,9
1000,6.920000076293945,1,0,0,11,28
1001,13.0,0,0,0,16,5
1002,11.770000457763672,0,0,1,12,36
1003,6.5,1,1,0,12,7
1004,17.75,0,0,0,18,9
1005,9.0,1,0,0,14,10
1006,13.0,1,0,0,12,33
1007,13.449999809265137,0,0,0,16,12
1008,11.0,1,0,0,12,21
1009,7.550000190734863,0,0,0,16,9
1010,7.0,1,0,0,12,27
1011,20.200000762939453,0,0,0,16,29
1012,16.350000381469727,0,0,1,12,34
1013,13.460000038146973,0,0,0,12,19
1014,12.5,0,0,0,12,29
1015,9.5,0,0,0,12,14
1016,20.18000030517578,0,0,0,18,17
1017,5.0,1,1,0,12,6
1018,5.25,1,0,0,12,6
1019,15.0,0,0,0,11,8
1020,4.25,0,0,0,16,16
1021,7.5,0,0,0,10,6
1022,15.0,0,0,0,12,34
1023,7.25,0,0,0,12,4
1024,18.0,0,0,1,12,6
1025,23.07999992370605,0,0,0,12,16
1026,9.979999542236328,0,0,0,12,16
1027,6.0,1,0,0,16,1
1028,6.349999904632568,1,0,0,12,21
1029,6.150000095367432,0,0,0,12,5
1030,13.0,0,0,1,12,21
1031,9.630000114440918,1,0,0,12,7
1032,14.399999618530272,1,0,0,12,18
1033,6.25,1,0,0,16,19
1034,10.93000030517578,1,0,0,12,17
1035,14.4399995803833,0,0,0,14,19
1036,6.0,0,0,0,12,5
1037,4.75,0,0,0,11,1
1038,22.76000022888184,0,0,0,16,14
1039,14.399999618530272,1,0,1,18,4
1040,5.75,1,1,0,16,18
1041,25.399999618530277,1,0,0,18,18
1042,15.75,1,0,0,12,9
1043,11.0,0,0,0,12,29
1044,6.0,1,0,1,12,3
1045,7.5,1,1,0,12,14
1046,13.699999809265137,0,1,0,14,27
1047,7.5,0,1,0,11,2
1048,7.199999809265137,1,1,0,12,16
1049,9.0,0,1,0,12,3
1050,17.0,0,0,1,12,38
1051,4.75,0,0,0,12,42
1052,5.599999904632568,0,0,0,12,7
1053,9.5600004196167,1,0,0,12,34
1054,12.199999809265137,0,0,1,12,21
1055,12.5,0,0,0,20,8
1056,27.200000762939453,0,0,1,16,23
1057,29.96999931335449,0,0,1,18,22
1058,9.0,0,0,0,18,36
1059,7.739999771118164,0,0,0,12,14
1060,22.21999931335449,1,0,1,20,4
1061,13.649999618530272,0,0,0,12,17
1062,4.849999904632568,1,0,0,12,2
1063,12.979999542236328,1,0,0,16,26
1064,5.0,1,0,0,12,38
1065,16.0,0,0,0,12,22
1066,11.25,1,0,0,16,4
1067,6.5,0,1,0,9,11
1068,6.199999809265137,1,0,0,12,1
1069,5.0,1,0,0,12,23
1070,6.940000057220459,1,0,0,11,22
1071,50.0,1,0,0,10,36
1072,10.84000015258789,0,0,0,12,11
1073,34.959999084472656,0,0,0,20,20
1074,5.900000095367432,1,1,0,12,13
1075,4.400000095367432,1,1,0,10,17
1076,6.0,0,0,0,12,22
1077,13.0,0,0,0,10,29
1078,5.699999809265137,1,0,0,11,1
1079,8.649999618530273,0,0,0,16,13
1080,7.449999809265137,1,0,0,12,30
1081,14.06999969482422,0,0,0,12,23
1082,6.0,0,0,0,14,3
1083,9.93000030517578,0,1,1,12,13
1084,12.199999809265137,1,1,0,16,33
1085,7.079999923706055,1,0,0,14,20
1086,8.979999542236328,1,0,0,12,16
1087,13.449999809265137,0,0,0,16,4
1088,5.75,1,0,0,12,5
1089,5.050000190734863,0,0,0,16,17
1090,13.199999809265137,1,0,0,16,15
1091,31.25,0,0,0,14,20
1092,5.75,0,0,0,11,5
1093,6.5,1,0,0,16,1
1094,6.25,1,1,1,14,17
1095,18.75,0,1,1,12,26
1096,5.300000190734863,1,1,0,12,20
1097,2.0799999237060547,1,1,0,12,9
1098,9.0,0,1,0,12,5
1099,11.75,0,0,0,16,10
1100,8.079999923706055,1,0,1,12,24
1101,9.0,0,0,0,12,18
1102,10.0,0,0,0,16,26
1103,7.699999809265137,0,0,0,12,6
1104,9.0,1,1,0,12,30
1105,8.0,0,1,1,12,6
1106,18.0,0,0,1,12,17
1107,11.25,0,1,1,12,9
1108,7.5,0,0,0,12,8
1109,7.0,1,1,0,10,37
1110,7.96999979019165,1,1,0,12,15
1111,8.6899995803833,1,0,0,12,21
1112,12.380000114440918,1,0,0,14,13
1113,18.96999931335449,0,0,0,12,14
1114,4.25,1,0,0,12,5
1115,11.0,1,0,0,14,27
1116,4.349999904632568,0,1,0,12,4
1117,5.5,1,0,0,12,37
1118,2.7799999713897705,1,0,0,0,40
1119,11.0,0,0,0,14,28
1120,10.699999809265137,1,0,0,12,12
1121,14.170000076293944,0,0,0,14,31
1122,4.75,1,0,0,0,39
1123,24.030000686645508,0,0,0,20,7
1124,8.0,1,0,0,14,3
1125,9.81999969482422,1,0,0,18,26
1126,3.839999914169312,1,0,0,16,27
1127,3.839999914169312,1,0,0,16,12
1128,6.909999847412109,0,0,0,12,24
1129,5.0,0,1,0,9,3
1130,15.0,0,0,0,12,24
1131,5.75,1,0,0,12,22
1132,13.800000190734863,1,0,0,12,8
1133,16.0,1,0,0,12,22
1134,11.25,0,1,0,16,4
1135,19.0,0,0,0,12,21
1136,9.5,1,0,0,12,17
1137,5.75,1,0,0,12,22
1138,9.5,1,0,1,12,10
1139,14.0,0,0,0,12,19
1140,19.229999542236328,0,0,0,7,32
1141,17.5,1,0,0,12,5
1142,10.0,1,0,0,12,13
1143,5.5,1,0,0,12,23
1144,7.0,1,1,0,12,4
1145,8.0,0,0,0,12,5
1146,7.0,1,0,0,16,11
1147,8.0,0,0,0,12,3
1148,4.25,1,1,0,12,23
1149,13.75,0,0,0,16,17
1150,11.0,0,1,0,12,15
1151,4.5,1,1,0,12,27
1152,7.5,0,0,0,12,16
1153,31.46999931335449,0,0,0,12,20
1154,8.0,1,0,0,12,30
1155,38.75,1,0,0,16,7
1156,9.25,0,0,0,12,21
1157,14.0,0,0,0,10,23
1158,8.0,0,0,0,12,13
1159,11.050000190734863,1,0,0,14,31
1160,7.0,1,0,0,12,25
1161,4.5,1,0,0,12,3
1162,6.400000095367432,1,0,0,16,1
1163,14.5,0,0,0,12,17
1164,5.0,1,0,0,12,16
1165,7.25,1,0,0,12,2
1166,10.0,1,0,1,12,19
1167,2.119999885559082,1,0,0,10,25
1168,6.900000095367432,1,0,0,12,19
1169,13.5,1,0,0,20,3
1170,2.900000095367432,1,0,1,12,23
1171,7.650000095367432,1,0,0,12,13
1172,15.0,1,0,0,18,35
1173,20.0,0,0,0,16,4
1174,7.699999809265137,1,0,0,12,21
1175,11.0,0,0,0,12,15
1176,7.0,1,0,0,12,16
1177,9.0,0,0,1,12,12
1178,7.690000057220459,0,0,0,12,12
1179,13.0,1,0,0,14,12
1180,8.4399995803833,1,0,0,12,32
1181,16.15999984741211,1,0,1,16,17
1182,12.0,1,0,0,18,3
1183,8.149999618530273,1,1,0,12,39
1184,6.96999979019165,1,0,1,9,32
1185,15.84000015258789,1,0,0,16,8
1186,11.5,0,0,0,12,16
1187,16.0,1,1,0,16,14
1188,14.5,1,1,1,16,23
1189,7.5,0,1,0,14,11
1190,8.520000457763672,1,0,0,10,16
1191,16.829999923706055,0,0,0,18,7
1192,7.949999809265137,1,0,0,11,33
1193,6.429999828338623,1,0,0,12,35
1194,6.0,1,1,0,12,35
1195,6.0,1,1,0,16,5
1196,9.109999656677246,1,0,0,12,3
1197,5.75,1,0,0,12,11
1198,17.329999923706055,1,0,0,12,26
1199,4.0,1,0,0,12,35
1200,11.0,0,0,0,12,35
1201,8.0,0,1,0,12,24
1202,6.0,1,0,0,16,2
1203,9.239999771118164,0,0,0,16,21
1204,8.100000381469727,0,0,0,12,13
1205,6.0,1,1,0,12,3
1206,9.0,1,1,0,12,9
1207,6.0,1,1,0,12,3
1208,9.0,1,1,1,12,19
1209,13.0,0,0,0,11,19
1210,4.5,1,1,0,12,21
1211,12.5,1,0,0,18,6
1212,8.329999923706055,0,0,0,18,30
1213,10.100000381469728,1,0,0,14,13
1214,11.0,0,0,0,12,6
1215,9.609999656677246,0,0,0,16,31
1216,5.0,1,0,0,12,10
1217,5.75,1,0,0,10,2
1218,4.329999923706055,0,0,0,18,7
1219,18.0,0,1,1,16,17
1220,10.0,0,0,1,12,24
1221,19.229999542236328,0,0,0,16,34
1222,18.0,1,1,1,16,9
1223,19.25,1,1,0,12,15
1224,17.5,0,0,1,12,16
1225,5.0,0,0,0,12,1
1226,18.280000686645508,1,0,0,16,9
1227,5.099999904632568,1,0,0,12,34
1228,8.0,1,0,0,16,1
1229,15.31999969482422,0,0,0,12,24
1230,5.25,1,0,0,12,9
1231,11.329999923706056,0,0,1,12,17
1232,20.25,0,0,0,16,22
1233,15.90999984741211,1,0,1,18,19
1234,14.0,0,0,0,12,30
1235,12.300000190734863,0,0,0,20,5
1236,14.0,0,0,1,12,18
1237,25.0,1,0,0,18,35
1238,4.800000190734863,1,0,0,10,35
1239,4.25,1,0,0,7,35
1240,10.0,0,0,0,10,32
1241,5.199999809265137,1,0,0,12,4
1242,9.0,0,0,0,14,6
1243,5.25,0,0,0,11,1
1244,12.0,1,0,0,12,19
1245,15.0,0,0,1,12,15
1246,10.4399995803833,1,0,0,14,10
1247,7.5,1,0,0,14,31
1248,6.0,0,0,0,12,1
1249,7.559999942779541,1,0,0,14,6
1250,8.0,1,0,0,12,6
1251,15.0,0,0,0,14,28
1252,18.0,0,0,0,12,28
1253,4.25,1,0,0,12,0
1254,6.0,0,0,0,12,37
1255,22.21999931335449,0,0,0,12,20
1256,6.0,1,0,0,12,16
1257,1.6699999570846558,0,0,0,16,10
1258,13.350000381469728,0,0,1,16,20
1259,10.5,0,0,0,12,12
1260,27.8799991607666,0,0,0,7,39
1261,5.25,1,0,0,12,5
1262,6.829999923706055,1,0,0,16,13
1263,14.75,0,1,0,12,23
1264,5.0,1,0,0,12,3
1265,4.0,1,0,0,12,14
1266,9.619999885559082,0,0,1,16,5
1267,12.0,0,0,0,12,10
1268,9.0,1,0,0,12,23
1269,5.0,1,1,0,10,38
1270,12.100000381469728,0,0,1,16,5
1271,12.0,0,0,0,12,23
1272,9.720000267028809,1,0,0,12,19
1273,12.979999542236328,0,0,0,12,45
1274,12.5,0,1,1,7,47
1275,10.0,0,1,1,12,18
1276,6.050000190734863,1,0,0,11,21
1277,10.850000381469728,1,1,0,12,27
1278,24.030000686645508,0,0,1,16,36
1279,15.8100004196167,1,0,0,12,12
1280,12.979999542236328,1,1,0,14,17
1281,2.130000114440918,1,0,0,12,10
1282,16.579999923706055,0,0,0,12,18
1283,21.450000762939453,0,0,0,16,27
1284,13.140000343322754,1,0,0,12,30
1285,1.6699999570846558,1,0,0,10,45
1286,7.0,0,0,0,12,7
1287,14.899999618530272,0,0,0,16,9
1288,5.900000095367432,1,0,0,12,31
1289,10.0,0,0,1,12,20
